{
  "BPM": 75,
  "LA": {
    "EA": 0.22,
    "EB": 0.18,
    "TC": 0.17,
    "TR": 0.17,
    "tC": 0.90,
    "V0": 1.0
  },
  "LV": {
    "EA": 3.35,
    "EB": 0.15,
    "TC": 0.25,
    "TR": 0.40,
    "tC": 0.22,
    "V0": 10.0
  },
  "RA": {
    "EA": 0.06,
    "EB": 0.07,
    "TC": 0.17,
    "TR": 0.17,
    "tC": 0.90,
    "V0": 2.5
  },
  "RV": {
    "EA": 0.55,
    "EB": 0.05,
    "TC": 0.25,
    "TR": 0.4,
    "tC": 0.2,
    "V0": 10.0
  },
  "valves": {
    "Rmin": 0.0075,
    "Rmax": 75006.2
  },
 "Pul": {
  "R_Ar": 0.008,
  "L_Ar": 0.00087,
  "C_Ar": 10,
  "R_Ven": 0.0123,
  "L_Ven": 0.0000087,
  "C_Ven": 30.0
},
"Lung": {
  "R_RL1": 0.012,
  "L_RL1": 0.0000296,
  "R_RL2": 0.012,
  "L_RL2": 0.0000296,
  "C_RL": 5.0,
  "R_LL1": 0.016,
  "L_LL1": 0.0000331,
  "R_LL2": 0.012,
  "L_LL2": 0.0000296,
  "C_LL": 4.0,
  "C_Lung": 2.5
},
  "Resistance": {
    "R_Ar_Pul": 0.008,
    "R_Ven_Pul": 0.0123,
    "R_RL1": 0.012,
    "R_RL2": 0.012,
    "R_LL1": 0.016,
    "R_LL2": 0.012,
    "R_AA": 0.02,
    "R_DscA": 0.03,
    "R_AbdA": 0.04,
    "R_CCar": 0.06,
    "R_ICar": 0.08,
    "R_ECar": 0.60,
    "R_Sub": 1.0,
    "R_ULimb": 2.10,
    "R_ULimbT": 6,
    "R_Fac": 0.30,
    "R_FacT": 6,
    "R_Cer": 0.1,
    "R_CerT": 4,
    "R_Cel": 0.1,
    "R_RenT": 3,
    "R_Ren1": 0.1,
    "R_Ren2": 0.9,
    "R_MesT": 2,
    "R_Mes1": 1.2,
    "R_Mes2": 1.2,
    "R_HepT": 6,
    "R_Hep1": 1.2,
    "R_Hep2": 1.2,
    "R_SplT": 4,
    "R_Spl1": 4,
    "R_Spl2": 4,
    "R_LLimbT": 6,
    "R_LLimb1": 0.4,
    "R_LLimb2": 0.8,
    "R_Ven_PorT": 1.2,
    "R_Ven_Por": 0.6,
    "R_SVC": 0.18,
    "R_IVC": 0.173
  },
  "Inductance": {
    "L_Ar_Pul": 0.00087,
    "L_Ven_Pul": 0.0000087,
    "L_RL1": 0.0000296,
    "L_RL2": 0.0000296,
    "L_LL1": 0.0000331,
    "L_LL2": 0.0000296,
    "L_AA": 0.00125,
    "L_DscA": 0.00125,
    "L_AbdA": 0.00125,
    "L_CCar": 0.00179,
    "L_ICar": 0.00179,
    "L_ECar": 0.00536,
    "L_Sub": 0.00268,
    "L_ULimb": 0.00268,
    "L_Fac": 0.00536,
    "L_Cer": 0.00179,
    "L_Cel": 0.00107,
    "L_Ren1": 0.00107,
    "L_Ren2": 0.00107,
    "L_Mes1": 0.00107,
    "L_Mes2": 0.00107,
    "L_Hep1": 0.00107,
    "L_Hep2": 0.00107,
    "L_Spl1": 0.00429,
    "L_Spl2": 0.00429,
    "L_LLimb1": 0.00086,
    "L_LLimb2": 0.00086,
    "L_Ven_Por": 0.00107,
    "L_SVC": 0.00008,
    "L_IVC": 0.00004
  },
  "Compliance": {
    "C_Ar_Pul": 10.0,
    "C_Ven_Pul": 30.0,
    "C_RL": 10.0,
    "C_LL": 8.0,
    "C_Lung": 5.0,
    "C_AA"  : 0.3,
    "C_AArc": 0.2,
    "C_DscA": 0.1,
    "C_AbdA": 0.08,
    "C_CCar": 0.07,
    "C_ICar": 0.1,
    "C_ECar": 0.1,
    "C_ULimb": 0.20,
    "C_Fac": 0.10,
    "C_Cer": 0.1,
    "C_Cel": 0.05,
    "C_Ren": 0.005,
    "C_Mes": 0.35,
    "C_Hep": 0.035,
    "C_Spl": 0.07,
    "C_LLimb": 0.28,
    "C_Ven_Por": 8,
    "C_SVC": 50.0,
    "C_IVC": 160.0
  }
}
